user_id,username,location,age,gender,preferences
1,113ayeaye,"Dubai, Emirate of Dubai",,,
2,jamalbP4671SO,,,,
3,ii7ammody,,,,
4,carol76500,"Edgewood, Maryland",,,
5,magednour,"Dubai, Emirate of Dubai",,,
6,789sarahlou72,"Birmingham, West Midlands, England",,,
7,489johnc489,,,,
8,147mandyb,"Tamworth, Staffordshire, England",,,
9,jonalyn531,Emirate of Dubai,,,
10,Z6810IWcarols,"Newcastle upon Tyne, Tyne and Wear, England",,,
11,HeyRaeHey,"San Francisco, California",,,
12,Pattyrowlightly,"Charleston, South Carolina",,,
13,Safari593592,,,,
14,ferzendes2024,,,,
15,Z2818RZalia,,,,
16,Daniyall_G,"West Midlands, England",,,
17,WD87,"Dubai, Emirate of Dubai",,,
18,596prasadt,,,,
19,raghup691,,,,
20,Zed2424,"Leicester, Leicestershire, England",,,
21,abdurahmans929,"Riyadh, Riyadh Province",,,
22,Getaway46367260035,,,,
23,OnAir49634889767,,,,
24,ebraheemh2024,,,,
25,D8575QTnaifa,,,,
26,miasC9280JI,"Abu Dhabi, Emirate of Abu Dhabi",,,
27,757cococ,,,,
28,607aygula,,,,
29,manuelay2019,"Los Angeles, California",,,
30,Sinoevna,"Dubai, Emirate of Dubai",,,
31,konstantinn894,,,,
32,tomo829,"Warlingham, Surrey, England",,,
33,shauncN5207CZ,,,,
34,K2492SQmarinak,,,,
35,826coletteb,,,,
36,haneefp2024,,,,
37,nishad2019km,Oman,,,
38,Jtnrugsandhome,"Princeton Junction, West Windsor Township, New Jersey",,,
39,mujeebur2017,"Dubai, Emirate of Dubai",,,
40,560nimrits,,,,
41,Q7449AJfrankies,,,,
42,med00c,,,,
43,reda422,,,,
44,delarm2024,,,,
45,222nilufarh,,,,
46,593minqil,,,,
47,949wadhaa,,,,
48,162rabiae,,,,
49,KamranA461,,,,
50,NerissaNaval,,,,
51,Discerningreviewer4,"Orlando, Florida",,,
52,Morbius69,,,,
53,Farhiya01,,,,
54,_R4991HM,,,,
55,KMprakash,,,,
56,ahmedjC1321UQ,,,,
57,Traveler67754026737,,,,
58,Cosmopolitan740180,"Ventura, California",,,
59,samwK747XJ,,,,
60,347keanv,,,,
61,jits2017,"Hornchurch, Greater London, England",,,
62,alnassera2024,"Washington DC, District of Columbia",,,
63,tunykz,,,,
64,743aliyak,,,,
65,_Q6155NS,,,,
66,I133DJronnies,South Carolina,,,
67,LJD1971,"Stockport, Greater Manchester, England",,,
68,Getaway58006753498,"Abu Dhabi, Emirate of Abu Dhabi",,,
69,shikhahm2024,,,,
70,Salmanjaseem,,,,
71,C549CGpierreg,,,,
72,Passenger37279652010,,,,
73,travellet01,"Abu Dhabi, Emirate of Abu Dhabi",,,
74,V682ELchristopherp,,,,
75,jay1987uk,"London, England",,,
76,simonr990,"Bedfordshire, England",,,
77,Rupinskajulia,"Dubai, Emirate of Dubai",,,
78,Z3822UDleahm,,,,
79,Firdaua,,,,
80,Mohammedmat,,,,
81,andreasmichaelf2018,,,,
82,deyalak,,,,
83,jacquelineanni2023,,,,
84,peter63278,,,,
85,hoshiarm566,,,,
86,429alin,"Greater London, England",,,
87,st0ppal82,,,,
88,sonjal360,"Blackmans Bay, Greater Hobart, Tasmania",,,
89,Relax02651729330,,,,
90,salimaW424CK,,,,
91,136fatimaha,,,,
92,cleanfactoryw,,,,
93,Road58039805949,Kuwait,,,
94,princessalyssat2024,,,,
95,jamiei925,,,,
96,mrva2024,,,,
97,217ilyab,,,,
98,sylwias340,"London, England",,,
99,AnkitaPramanik,"Hyderabad, Hyderabad District, Telangana",,,
100,284zahidulh,,,,
101,818akasha,,,,
102,554shahrukha,,,,
103,FahadAlhaji78,,,,
104,982swarupm,,,,
105,hafm2024,,,,
106,anisas646,,,,
107,I4128SSmustafae,,,,
108,mondherk208,,,,
109,291priyar,,,,
110,866laytha,,,,
111,E5657PDmohamedy,,,,
112,Eugeniuco,"Tashkent, Tashkent Province",,,
113,RabihF,,,,
114,ahmadsA7805ZW,,,,
115,mohamadaW3299HZ,,,,
116,stjohn0024,United Arab Emirates,,,
117,sultanaQ9215DL,,,,
118,S7484BPmariay,,,,
119,mohamedmaksoud,"Madinat Zayed, Emirate of Abu Dhabi",,,
120,144dayanan,,,,
121,280yousefm,,,,
122,Shriyantha,,,,
123,462abdulkareems,,,,
124,Coastal14548024596,,,,
125,nohab761,,,,
126,Happiness54721444672,,,,
127,amania633,,,,
128,Culture07497078920,,,,
129,U8934VJhelenae,,,,
130,samarairena1,"Samara Oblast, Volga District",,,
131,mollyback,"Fresno, California",,,
132,_S8133HE,,,,
133,yluaj,,,,
134,daisyjaneo,United Arab Emirates,,,
135,multibrandsf,,,,
136,shabbalo,,,,
137,Departure581654,,,,
138,blessedjoygadlan,"Dubai, Emirate of Dubai",,,
139,222arinab,,,,
140,141madinat,,,,
141,_P3852XU,,,,
142,L9714NPnataliak,"Chelyabinsk, Chelyabinsk Oblast, Urals District",,,
143,M8179FF_,"Dubai, Emirate of Dubai",,,
144,ameera900,,,,
145,ahmadaR9636YE,,,,
146,sultanaV7283NR,,,,
147,vukt2021,"Dubai, Emirate of Dubai",,,
148,Y3656IXnoora,"Sharjah, Emirate of Sharjah",,,
149,The_Nomad_Bedouin_II,"Ras Al Khaimah, Emirate of Ras Al Khaimah",,,
150,18elleh,,,,
151,930juergenj,,,,
152,jijidelmar1988,"Dubai, Emirate of Dubai",,,
153,GKHV1,,,,
154,dmitryo279,Simferopol,,,
155,O1447HZandreyk,,,,
156,michelefY3374RJ,,,,
157,Gateway3,"London, England",,,
158,Jenniambyth,"Wokingham, Berkshire, England",,,
159,A2566FE_,,,,
160,AlexTrinity,"Pisa, Province of Pisa, Tuscany",,,
161,93nastyat,,,,
162,8mikav,,,,
163,sayatz2024,,,,
164,p_henger,,,,
165,G4CSF,,,,
166,167rossi,,,,
167,Tarek57999,,,,
168,Jet12169471493,,,,
169,razzLondon,,,,
170,ahmedkH4405GA,,,,
171,F4638CCmichaelm,,,,
172,maryammS2684WN,,,,
173,Navigator34329404052,,,,
174,Dreamer43465197316,,,,
175,F2736GN_,,,,
176,_O6755SL,Georgia,,,
177,pandik28,"Ajman, Emirate of Ajman",,,
178,W1044TV_,,,,
179,merur2024,,,,
180,S6908GRannieh,,,,
181,Abdmoe,,,,
182,OmarKindi,,,,
183,V5769EYkimg,,,,
184,A9501EX_,,,,
185,Sightseer04926787964,,,,
186,H8214HI_,,,,
187,151lolak,,,,
188,annatE4484SF,,,,
189,932rajih,,,,
190,Compass15974230918,"Sharjah, Emirate of Sharjah",,,
191,Climber13258839671,,,,
192,kylek14,"Moscow Oblast, Central Russia",,,
193,dianeaguila02,"Dubai, Emirate of Dubai",,,
194,495abders,,,,
195,171hamdank,,,,
196,danilojrr88,"Abu Dhabi, Emirate of Abu Dhabi",,,
197,angelicalrz15,"Ajman, Emirate of Ajman",,,
198,521zaheerk,,,,
199,E9399ZImarkh,,,,
200,F1458QBmarkm,,,,
201,419margieb,,,,
202,jeremaiahb,,,,
203,MuniraAli,"Dubai, Emirate of Dubai",,,
204,CCOrin,"Dubai, Emirate of Dubai",,,
205,llyc2024,,,,
206,NavalBedi,Emirate of Dubai,,,
207,Navigate09661564508,,,,
208,aminek724,,,,
209,ramiaM242EU,,,,
210,718halas,,,,
211,DayTrip63199965093,,,,
212,humaido,,,,
213,daniam852,,,,
214,Jodiegrutters1,"Abu Dhabi, Emirate of Abu Dhabi",,,
215,CCtravelbee,"Dubai, Emirate of Dubai",,,
216,deepakrG8083CF,"Sharjah, Emirate of Sharjah",,,
217,ahmedaK253XI,Saudi Arabia,,,
218,giftonsavari,,,,
219,narendrasH6735GC,,,,
220,MattandFayeFoster,United Arab Emirates,,,
221,Journey43096032378,,,,
222,651sharlab,,,,
223,Q1168HYtraceyw,,,,
224,Aqsher,"Dubai, Emirate of Dubai",,,
225,191mjl,,,,
226,sumeshk2014,"Dubai, Emirate of Dubai",,,
227,TravelsMoonlight,,,,
228,KotsekhoNoora,United Arab Emirates,,,
229,yousram550,"Dubai, Emirate of Dubai",,,
230,Mabelgoulden565,,,,
231,ahmedaQ7984CW,,,,
232,ericc781,"Bacolod, Negros Occidental, Negros Island, Visayas",,,
233,rOhAaNtRaVeL,"Dubai, Emirate of Dubai",,,
234,Explorer585076,,,,
235,t_f_m2018,,,,
236,TheWeekendAngler,"Dubai, Emirate of Dubai",,,
237,geninealyssa,"Dubai, Emirate of Dubai",,,
238,mohammadjawabrey,"Dubai, Emirate of Dubai",,,
239,anasaJ601WB,"Muscat, Muscat Governorate",,,
240,461rashedk,,,,
241,21sanaa,"Sheffield, South Yorkshire, England",,,
242,Companion765836,"Jeddah, Makkah Province",,,
243,Hannibal75,Kuwait,,,
244,737ashal,,,,
245,555shraddhag,,,,
246,522anastasiiaa,,,,
247,dinat687,,,,
248,sherlor2024,"Dubai, Emirate of Dubai",,,
249,Departure476507,,,,
250,664mashas,,,,
251,C5406BR_,,,,
252,_H335PW,,,,
253,E8730TIalenaa,,,,
254,903ofeliyaa,,,,
255,_Z7454RO,,,,
256,785sudeeshp,,,,
257,vijesh23,Chandigarh,,,
258,romsan14,"Abu Dhabi, Emirate of Abu Dhabi",,,
259,rahuljB9570RV,,,,
260,Compass58003785187,,,,
261,_T4020YV,,,,
262,nazreenfaiz,,,,
263,JerLee13,"Metro Manila, Luzon",,,
264,jalhotari,"Ajman, Emirate of Ajman",,,
265,927dalp,,,,
266,511aishwaryam,,,,
267,GlobeTrotting378316,"Venice, Veneto",,,
268,U5089OVanila,,,,
269,Climber19407104807,,,,
270,DashaLonskaya,Minsk,,,
271,Dipankar_1980,"Dubai, Emirate of Dubai",,,
272,432assemguls,,,,
273,183nadezhdam,,,,
274,18maytha10,"Dubai, Emirate of Dubai",,,
275,Flyer801569,,,,
276,ngwes2024,,,,
277,wasemk2024,,,,
278,208fatimai,,,,
279,Saeeda2486,"Abu Dhabi, Emirate of Abu Dhabi",,,
280,jeremiahcalebh,,,,
281,Sightsee47304938876,,,,
282,Matrooshi737,,,,
283,Navigator670998,,,,
284,933mmf,,,,
285,hali205605,,,,
286,D2243FQjamesm,,,,
287,900martynao,,,,
288,Getaway48510897511,,,,
289,Passport597990,"Dubai, Emirate of Dubai",,,
290,N8937HA_,,,,
291,271shivak,"Dubai, Emirate of Dubai",,,
292,404harryo,,,,
293,ndt1967,"Kaisariani, Attica",,,
294,Ndefo88,"Dubai, Emirate of Dubai",,,
295,SadiyyaH1,,,,
296,471sabinet,,,,
297,Pioneer53647659775,"Turku, Southwest Finland",,,
298,JAHayward,"Llandysul, Ceredigion, Wales",,,
299,Sightsee41960028783,,,,
300,mmukesh82,,,,
301,l0renel0,"Abu Dhabi, Emirate of Abu Dhabi",,,
302,ASKAlKendi,,,,
303,shalymarm2024,,,,
304,lynnkibathi,"Dubai, Emirate of Dubai",,,
305,Vacation00845078498,,,,
306,Y9411PTmohameda,,,,
307,Dreamer356181,,,,
308,Surojitsa,"Sharjah, Emirate of Sharjah",,,
309,samerr272,,,,
310,N7902YO_,,,,
311,habeebm2020,,,,
312,HB418I9,"Abu Dhabi, Emirate of Abu Dhabi",,,
313,Guide43888481569,"Ras Al Khaimah, Emirate of Ras Al Khaimah",,,
314,Dmitriiy_Matrosov,"Moscow, Central Russia",,,
315,nurzhano821,,,,
316,Goaroundtheearth,Emirate of Dubai,,,
317,NasserMalek,,,,
318,303munishs,,,,
319,rosells2024,United Arab Emirates,,,
320,727irfanl,"Ras Al Khaimah, Emirate of Ras Al Khaimah",,,
321,B2754ALlauram,,,,
322,962amarjeets,,,,
323,haristelaviv,Israel,,,
324,Usher101,,,,
325,monikakI1072OF,"Sharjah, Emirate of Sharjah",,,
326,twynel,,,,
327,SnailWanderer,"London, England",,,
328,souravc499,,,,
329,adilalmulla,,,,
330,BMihai,,,,
331,eyr18,"Dubai, Emirate of Dubai",,,
332,hemo0o0ok,"Jacksonville, Florida",,,
333,abdullahhI2878GK,,,,
334,GrazkaDubai,"Dubai, Emirate of Dubai",,,
335,lvbnhbql,"Moscow, Central Russia",,,
336,Fearless664678,,,,
337,401maryjoye,,,,
338,615ejask,,,,
339,sadiqk649,,,,
340,891bhagyas,,,,
341,mohammedoC1732YN,,,,
342,73jemmac,,,,
343,bexythepirate,"Yeovil, Somerset, England",,,
344,780lalc,,,,
345,sunilc822,,,,
346,Tour18651819235,Qatar,,,
347,Culture58925720853,Doha,,,
348,116audreyw,,,,
349,sarah075,"Somerset, England",,,
350,sk-ilu,,,,
351,Flygirl4791,,,,
352,Z4144VYraymondd,,,,
353,788hillaryl,,,,
354,183ninge,"Henderson, Nevada",,,
355,Sayneeeb,,,,
356,705isras,,,,
357,anasaJ440QC,,,,
358,lizalO1948VB,,,,
359,104kelvink,Nairobi,,,
360,alqahtani2002,,,,
361,Shirleen_Kapuya,,,,
362,karenmV2399QF,,,,
363,abk0110,Doha,,,
364,ranwals,,,,
365,Pierrejdippenaar,,,,
366,743sbms,,,,
367,rakeshkA1596DN,,,,
368,TobyA158,,,,
369,143hubp,,,,
370,adeelirshad890,,,,
371,_G8275CW,,,,
372,933venerai,,,,
373,Sightseer04832626506,,,,
374,Camper517334,,,,
375,Scodge,"Sheffield, South Yorkshire, England",,,
376,Traveler28902934550,,,,
377,354mohannads,,,,
378,AnthonyTAZ,"Amsterdam, North Holland Province",,,
379,nazhirai2024,,,,
380,C3508TIalif,,,,
381,qudsianorinu,,,,
382,Isnaaenni,Doha,,,
383,norinr476,,,,
384,Camper122928,,,,
385,347gbengas,,,,
386,835ghassand,Saudi Arabia,,,
387,J88MBM,"Southend-on-Sea, Essex, England",,,
388,Krisanthgg,,,,
389,MohaSalman,,,,
390,Ritajiaia1,,,,
391,588myronh,,,,
392,Resort67859864590,"London, England",,,
393,mandlreidy,,,,
394,arR5395TB,,,,
395,477ikrame,,,,
396,299katianaf,,,,
397,951fatemab,,,,
398,GoPlaces468540,,,,
399,cathlim13,,,,
400,AA-Q108,"London, England",,,
401,margauxdee,"Sydney, New South Wales",,,
402,LeGrandVoyage2011,"London, England",,,
403,Roam36141245599,,,,
404,V7823SCmargaretm,"Chadds Ford, Pennsylvania",,,
405,joanfB930SZ,,,,
406,Y5240ADlisas,,,,
407,marijak720,,,,
408,32abdallai,"Cairo, Cairo Governorate",,,
409,Sedoooo0o0,,,,
410,Katyoshk9,,,,
411,Sightsee58476038539,,,,
412,K8302OTyogeshs,,,,
413,Odyssey43544014883,,,,
414,Compass67349047651,,,,
415,Sightsee47055149309,,,,
416,LisaSorokinismyname,,,,
417,tfatima2024,Doha,,,
418,mosesn545,,,,
419,NorthStar32814390143,,,,
420,rodgersd610,"London, England",,,
421,912luluya,,,,
422,mdh691,,,,
423,mesferq2024,,,,
424,mohammadaW9840TD,,,,
425,35yoyoy,,,,
426,sarolina,,,,
427,545khadijan,,,,
428,najibas2024,,,,
429,shaakira999,"Johannesburg, Greater Johannesburg, Gauteng",,,
430,soudy74,"Oshawa, Ontario",,,
431,Asimshadab,"Muscat, Muscat Governorate",,,
432,PrashantSwiss,Geneva,,,
433,richardrS1823EI,"Tirana, Tirana County",,,
434,grancanfan1,,,,
435,Munaalfarsioo7,"Ibra, Ash-Sharqiyah Governorate",,,
436,faht200000,,,,
437,313mirat,,,,
438,21CazK,,,,
439,FA_975,"Dubai, Emirate of Dubai",,,
440,Sunshine73222,,,,
441,alshaimas,"Suez, Suez Governorate",,,
442,Adventure19436891732,,,,
443,SameerC148,,,,
444,FamiljenBerglund,,,,
445,sahedap2022,,,,
446,sosoa486,,,,
447,786humaj,,,,
448,Mobile18456538836,,,,
449,aymanaC5161DT,,,,
450,F7036FLabdulh,,,,
451,mrsyobi,,,,
452,skp9000,,,,
453,230clares,"East Anglia, England",,,
454,Khsou,,,,
455,sukirankhurmy,"London, England",,,
456,843heikev,,,,
457,K3843TCsarah,,,,
458,katherinehP5631HG,,,,
459,trevormO1188NZ,,,,
460,moazamd2021,Qatar,,,
461,Zuhaina_z,,,,
462,teacherm0m,"Washington DC, District of Columbia",,,
463,monhwan,Luzon,,,
464,202fredier,,,,
465,LRMcK,"Cairns, Cairns Region, Queensland",,,
466,jeanettecH3244ZO,,,,
467,Odyssey16170284882,,,,
468,Coastal58223660532,,,,
469,TheInsomniacdiaries,,,,
470,M8970XHmarkp,County Donegal,,,
471,Omkumar_Shah,"Mumbai, Maharashtra",,,
472,R6926QHrobv,,,,
473,Andie75,"Tamworth, Staffordshire, England",,,
474,D8674PSrobp,"Oviedo, Florida",,,
475,travellinghorn,"Tetbury, Cotswolds, England",,,
476,aradzp,,,,
477,rsprenger,"Dubai, Emirate of Dubai",,,
478,eyasw2023,,,,
479,Ahmed02018,"Dubai, Emirate of Dubai",,,
480,johnmrollings,,,,
481,928ahsank,,,,
482,P1391QDaa,,,,
483,Resort48558798538,,,,
484,Maps29892841535,Kuwait,,,
485,MazzFoodie,,,,
486,443kuanc,,,,
487,_mers78,,,,
488,TapasP72,,,,
489,yousefbaalbaki,"Jeddah, Makkah Province",,,
490,Maps46045580049,"Rabat, Rabat-Salé-Kenitra",,,
491,khaledaU674HY,,,,
492,Canada54travel,"Ontario's Thousand Islands, Ontario",,,
493,3gavina,Bahrain,,,
494,statoRou,"Glendale, California",,,
495,naruto997,"London, England",,,
496,popecorn,"London, England",,,
497,krzys1970,"Warsaw, Mazovia Province, Central Poland",,,
498,Milano_my_home,United States,,,
499,fira2007,"Vancouver, British Columbia",,,
500,peterv662,"Riyadh, Riyadh Province",,,
501,tavonpetteway,,,,
502,434chas24,,,,
503,frevilla2024,,,,
504,mohamedeW9513OR,,,,
505,feridun396,Ankara,,,
506,E5500WDabdullaha,"Riyadh, Riyadh Province",,,
507,SaudiBM,,,,
508,291ghadia,,,,
509,M7636XLmaryn,"Riyadh, Riyadh Province",,,
510,560applel,,,,
511,maridingm,,,,
512,blus129,,,,
513,bapakrich,"Riyadh, Riyadh Province",,,
514,_B219XB,,,,
515,_H8739KX,,,,
516,kittym826,,,,
517,ahmednL1019CP,"6th of October City, Giza Governorate",,,
518,RamadanI8,"Cairo, Cairo Governorate",,,
519,860kingl,"Rome, Lazio",,,
520,11mohamed11,"Cairo, Cairo Governorate",,,
521,maryhU2788BX,,,,
522,RandySessions,"Derby, Kansas",,,
523,74eddiew,"Houston, Texas",,,
524,juliesG1789IK,,,,
525,kimberlysR3603FM,"Kansas City, Missouri",,,
526,alexpressed,"London, England",,,
527,vljackson86,"Mingo Junction, Ohio",,,
528,Kpoe42,"Ripley, West Virginia",,,
529,teamfriend21,"Toronto, Ontario",,,
530,HeidiTingstad,"Troy, Michigan",,,
531,ravengirl2008,"Ravenna, Ohio",,,
532,bowwowp,,,,
533,harley28356,"Apex, North Carolina",,,
534,Go195649,"Charlotte, North Carolina",,,
535,CRadtke1,,,,
536,V4576UGandyb,"Kaplan, Louisiana",,,
537,walaa81,"The Hague, South Holland Province",,,
538,ChristianTVC,"Subang Jaya, Petaling District, Selangor",,,
539,jeremaestro,Singapore,,,
540,kokoivis,"Pittsburgh, Pennsylvania",,,
541,lesleym743,"Sydney, New South Wales",,,
542,BevR148,"Barnoldswick, Lancashire, England",,,
543,JasmineA492,Nairobi,,,
544,lylyb_08,Nairobi,,,
545,Rmwanga,Nairobi,,,
546,Jay_wayne5,,,,
547,Namdahtours,"Lavington, Nairobi",,,
548,anastasiaaaa12,"Newport, South Wales, Wales",,,
549,B4969CLadamd,,,,
550,Riveld05,,,,
551,Justine186332,"Nottingham, Nottinghamshire, England",,,
552,adrianr285,"Somerset, England",,,
553,EmmaWilson1994,,,,
554,205shabanay,,,,
555,Nige897,"Essex, England",,,
556,nathanmD4356CB,,,,
557,joeyp396,"Reading, Berkshire, England",,,
558,V5836DYomarg,,,,
559,daniellerK7076NF,,,,
560,Allanak411,,,,
561,Sun_Runner123,,,,
562,F9485BWjulial,,,,
563,L6796DJanetak,,,,
564,susoh2024,,,,
565,zuhram2020,,,,
566,997eddied,"Arbroath, Angus, Scotland",,,
567,petrf860,,,,
568,485pennyc,"Hedge End, Hampshire, England",,,
569,654suellam,"Hertingfordbury, Hertfordshire, England",,,
570,U4049BYhelenas,,,,
571,spudDorset,"Isle of Portland, Dorset, England",,,
572,SleepingJup,Vienna,,,
573,Departure03294813221,,,,
574,Escape665285,,,,
575,psych4travel,"Fort Worth, Texas",,,
576,fromBucharest,Bucharest,,,
577,GinoF_11,"Casablanca, Casablanca-Settat",,,
578,Robertsghs,"Greenwood, Indiana",,,
579,963lindseyg,"Los Angeles, California",,,
580,Tour59511412827,,,,
581,raybyerley,"Mandeville, Louisiana",,,
582,jamiepG1879SN,,,,
583,R9733HWpeters,,,,
584,D452FNdeborahs,"Ramsey, Minnesota",,,
585,sandhillsgal,,,,
586,debmC3697SI,,,,
587,MNLorus,,,,
588,253suniln,,,,
589,573maggiem,"Mulwala, New South Wales",,,
590,Pacipappa,"Jackson Hole, Wyoming",,,
591,PVVVV,"McMinnville, Oregon",,,
592,Ballner,"St. Wolfgang, Upper Austria",,,
593,KMBastirmaci,Ankara Province,,,
594,qmauto79,,,,
595,usmanmanj,,,,
596,mohdaN9208MY,,,,
597,48aliar,,,,
598,NorthStar14682122975,,,,
599,895viktoriae,,,,
600,Resort820778,,,,
601,B6576UOmichaels,,,,
602,Venture33975181297,"Dubai, Emirate of Dubai",,,
603,hankir_salah,"Riyadh, Riyadh Province",,,
604,maryechong,,,,
605,stentravellers,"Dubai, Emirate of Dubai",,,
606,PatK_70,"Dublin, County Dublin",,,
607,davidadubai,"Dubai, Emirate of Dubai",,,
608,JehadAlrehaili,"Jeddah, Makkah Province",,,
609,Mukherjee431,,,,
610,Daniash11,"Jeddah, Makkah Province",,,
611,Inspire796737,,,,
612,madamjackie,"Bardwell, Bury St. Edmunds, Suffolk, East Anglia, England",,,
613,Retomila,"Bern, Bern Mittelland District, Canton of Bern",,,
614,SalehBalbaid,"Jeddah, Makkah Province",,,
615,wael1286,Saudi Arabia,,,
616,krystapalma,,,,
617,MohammedQuttaineh,"Jeddah, Makkah Province",,,
618,mohammedsaifa,"Taif, Makkah Province",,,
619,talalzahid,"Jeddah, Makkah Province",,,
620,nabajyotib2015,"Guwahati, Kamrup Metropolitan District, Assam",,,
621,abdelwahab83,,,,
622,Snoori_13,"Jeddah, Makkah Province",,,
623,AmrD419,"Jeddah, Makkah Province",,,
624,coolgirl0014,"Tabouk, Tabuk Province",,,
625,Flyer49088127740,"Medina, Al Madinah Province",,,
626,2assemh,"Jeddah, Makkah Province",,,
627,Mezoi3,,,,
628,bluebay06,"La Spezia, Province of La Spezia, Liguria",,,
629,KrisPrem,Doha,,,
630,NAJMANDALEEB,"Jeddah, Makkah Province",,,
631,TAIN2013,"Riyadh, Riyadh Province",,,
632,mzaki07,Jizan Province,,,
633,Sultanbahkali,,,,
634,MetrekAlMetrek,"Khamis Mushait, Asir Province",,,
635,Mss007,"Jeddah, Makkah Province",,,
636,Alakelm,"Jeddah, Makkah Province",,,
637,JFrankmac,"Playa Flamenca, Orihuela, Province of Alicante, Valencian Community",,,
638,KTRutland,"Rutland, England",,,
639,Ashraf1959,"Jeddah, Makkah Province",,,
640,Mfaabdo,,,,
641,dooseyUk,"Richmond, North Yorkshire, England",,,
642,binshakir,"Jeddah, Makkah Province",,,
643,Luzzie1958,,,,
644,lamya_albawardi,"Dubai, Emirate of Dubai",,,
645,P4307PLmohammeda,"Scranton, Pennsylvania",,,
646,domingojmendozar,"Coro, Central-Western Region",,,
647,Tathleeth,,,,
648,D7des,"Abha, Asir Province",,,
649,Shaimmaa,"Jeddah, Makkah Province",,,
650,lafforgue,Brussels,,,
651,778khaladh,"Greater London, England",,,
652,zoroz322,,,,
653,antdej,"Skopje, Skopje Region",,,
654,Scottkjs,"Kent, England",,,
655,muhammadsF1045AC,,,,
656,RobertW62,"Toronto, Ontario",,,
657,H3432HLahmedk,"Riyadh, Riyadh Province",,,
658,allazehy,,,,
659,AhmadH2843,Kuwait City,,,
660,bilalaO7913XW,,,,
661,596prg,,,,
662,deryaatasoylu,Kuwait City,,,
663,558umarn,,,,
664,francinea764,,,,
665,Tour03385874642,,,,
666,SonNash,Kuwait,,,
667,63abedh,,,,
668,mrr770,"Salalah, Dhofar Governorate",,,
669,nskliebo,"Amman, Amman Governorate",,,
670,Nagesh6126,"Udupi, Udupi District, Karnataka",,,
671,Sanket2024,Kuwait City,,,
672,432pankajr,,,,
673,Raed-engineer,Saar,,,
674,fat113,"Paris, Ile-de-France",,,
675,mohammedh585,,,,
676,Saran6274,Kuwait City,,,
677,2019CP,,,,
678,Guide496228,,,,
679,K6107DYsameha,,,,
680,abdelrahmanhassang,"Al Khafji, Eastern Province",,,
681,vesta112,"Muscat, Muscat Governorate",,,
682,rubyrain123,"Birmingham, West Midlands, England",,,
683,mfwonders,"Abu Dhabi, Emirate of Abu Dhabi",,,
684,fatin,"Manchester, Greater Manchester, England",,,
685,lkss2018,"Duisburg, North Rhine-Westphalia",,,
686,F9332DGclairej,,,,
687,TheTravellingSurgeon,"Bradfield, Manningtree, Essex, England",,,
688,clodi103,,,,
689,U6887HFmartinh,"Newton Abbot, Devon, England",,,
690,118ratank,,,,
691,662ronaldb,,,,
692,Jack-miller5,,,,
693,jonlR7965XB,Kuwait City,,,
694,I756NFfatimaf,,,,
695,150nataliab,"Larnaca, Larnaka District",,,
696,vrm0758,"Navi Mumbai, Maharashtra",,,
697,stellaf849,Kuwait City,,,
698,luisbah,Manama,,,
699,49PeterR,,,,
700,mohamednC1583BG,Bahrain,,,
701,429leef,"County Durham, England",,,
702,M680GStimr,,,,
703,680zulr,"Kuala Lumpur, Wilayah Persekutuan",,,
704,Journey04773167687,Kuwait City,,,
705,matsr272,,,,
706,siddharthad2023,,,,
707,gulerkoc,,,,
708,G9100WXvincenzop,"New York City, New York",,,
709,mo1012018,"Dubai, Emirate of Dubai",,,
710,Annie633,"Los Angeles, California",,,
711,Jassim_Mohd577,Qatar,,,
712,Thebates22,"Chester, Cheshire, England",,,
713,CHBonner,"Huntsville, Alabama",,,
714,HongKongStars,"Papeete, Tahiti, Society Islands",,,
715,NateMarriottExplorer,"Kuala Lumpur, Wilayah Persekutuan",,,
716,mohdaC5722GH,,,,
717,CheccoForgione1887,,,,
718,22mariama,,,,
719,DayTrip24457825287,,,,
720,359bushram,Qatar,,,
721,144shahada,,,,
722,alabdlmohsnk,,,,
723,27hamdans,,,,
724,hemantb853,,,,
725,G2613GKahmedk,,,,
726,omazuz,Kuwait City,,,
727,931rakeshg,"Andalous, Kuwait City",,,
728,sara_abdul1,"Dubai, Emirate of Dubai",,,
729,kennedymj25,,,,
730,JMK-Pittsburgh,"Pittsburgh, Pennsylvania",,,
731,WorldWanderer1791,Malta,,,
732,Mohammademad,"Dubai, Emirate of Dubai",,,
733,suniita_alvaries,"Salmiya, Hawalli Governorate",,,
734,dkbe,"Walldorf, Baden-Württemberg",,,
735,Ah_ghassan,"Salmiya, Hawalli Governorate",,,
736,BrianJ1711,,,,
737,324laxmil,,,,
738,849tannur,,,,
739,NorthStar02701452697,Kuwait City,,,
740,Y7230TXmichellec,,,,
741,505sarthakk,,,,
742,faima2020,"Al Ahsa, Eastern Province",,,
743,Coastal61537207147,"Darjeeling, Darjeeling District, West Bengal",,,
744,abdelsalams2024,,,,
745,jeanniebU7800ZK,,,,
746,Stay48619622582,,,,
747,jennelynn2024,,,,
748,bayoudhi,,,,
749,lovelye283,Doha,,,
750,724ayishas,,,,
751,amazinglife88,Doha,,,
752,AmmarShaban,Manama,,,
753,885tamerb,,,,
754,hebaaZ4805ZV,,,,
755,jheftycl,Doha,,,
756,AshutoshJ101,,,,
757,AndreasP532,,,,
758,JanBdeW,"Dubai, Emirate of Dubai",,,
759,Emad_Elmadhoun,"Detroit, Michigan",,,
760,chopra5593,"London, England",,,
761,ramkumark2024,,,,
762,697abeera,,,,
763,Y5449BTrichardh,,,,
764,Adel215203,"Dammam, Eastern Province",,,
765,Rakshen,"Durban, KwaZulu-Natal",,,
766,nasirmahmud,"Dubai, Emirate of Dubai",,,
767,424habibam,,,,
768,jacobjD3316MR,,,,
769,maryamebrahima,,,,
770,Cosmopolitan562378,,,,
771,928bernadettel,,,,
772,N4316LObenk,,,,
773,mclaren902,Manama,,,
774,Pihcho,Seoul,,,
775,BimaAtmaja23,"Riyadh, Riyadh Province",,,
776,BackPacker449447,,,,
777,O4669QTmohammeda,,,,
778,PaulineT1432,"Dubai, Emirate of Dubai",,,
779,511brunos,"Maia, Porto District, Northern Portugal",,,
780,taK2072DA,,,,
781,sofiamO5573QY,,,,
782,GoPlaces26511358332,Saudi Arabia,,,
783,Basma-elhasan-89,Kuwait City,,,
784,glecivaldo,"Frankfurt, Hesse",,,
785,Climber64610164372,Bahrain,,,
786,hussainaJ9593KI,,,,
787,O7692ZIrobertw,,,,
788,Abadi111,,,,
789,Bashaar,"Slough, Berkshire, England",,,
790,S4307LHdavidc,,,,
791,Safari40614,,,,
792,766byronh,,,,
793,940mujtabaa,,,,
794,KrystynaPsss,"Montreal, Quebec",,,
795,K6252SOsunild,,,,
796,baziras,,,,
797,GrandTour22469281553,,,,
798,404abdullam,,,,
799,NorthStar32178771978,,,,
800,Flyer62323641169,,,,
801,almaria2024,,,,
802,123vikasr,,,,
803,juancarlospL6156QE,Kuwait,,,
804,Wander68065499186,,,,
805,khalidaO84FW,,,,
806,maheenf82,,,,
807,abdulrakibk,"Mumbai, Maharashtra",,,
808,BackPacker488255,,,,
809,dadgz3,"Boston, Massachusetts",,,
810,kiwi113SaudiArabia,,,,
811,Mad4it01,,,,
812,ildy_2024,,,,
813,518abdullahw,,,,
814,177alwine,,,,
815,912khalidy,,,,
816,g_rkank572,,,,
817,Getaway811633,"Muscat, Muscat Governorate",,,
818,405tanveerh,,,,
819,V9127RKmahmouda,,,,
820,MacFarnsworth,"Bend, Central Oregon, Oregon",,,
821,rbri2019,"Abu Dhabi, Emirate of Abu Dhabi",,,
822,alexandrebabakh2023,,,,
823,Mailara29,,,,
824,Safari64887258360,"Amman, Amman Governorate",,,
825,EnDeeBee,"Margao, South Goa District, Goa",,,
826,mohammedaQ9641YK,,,,
827,theslimminge,,,,
828,Journey54763882474,,,,
829,ambohare,"Sydney, New South Wales",,,
830,Trek55010515640,,,,
831,hannaheC1834FD,,,,
832,arunakumarbk,"Bengaluru, Bangalore District, Karnataka",,,
833,musajuma,Emirate of Dubai,,,
834,sbrady2024,,,,
835,dilnazy2023,,,,
836,Striker77,"Glasgow, Scotland",,,
837,mahmoode903,"Tehran, Tehran Province",,,
838,yusufm703,"Mumbai, Maharashtra",,,
839,I513WKmostafam,,,,
840,rominadarvish,"Tehran, Tehran Province",,,
841,katiagY2196EW,,,,
842,961fayazs,,,,
843,naya4354,,,,
844,O693QAmariong,,,,
845,J4365MPstefang,,,,
846,242faridar,,,,
847,321phillipt,,,,
848,marif395,"Dubai, Emirate of Dubai",,,
849,LenaN507,,,,
850,244ramya,Doha,,,
851,O9922JZsarar,,,,
852,P1883MWalexb,,,,
853,Jerrybuy,,,,
854,markvS8587MH,,,,
855,syeda370,"Haringey, Greater London, England",,,
856,leonevilo,"Düsseldorf, North Rhine-Westphalia",,,
857,WhereWildThingsAre,"Knoxville, Tennessee",,,
858,I388WNgabrielag,,,,
859,radkas841,,,,
860,Passenger55558811228,,,,
861,229marwank,United Kingdom,,,
862,sanjoyg2022,,,,
863,saramB6443XV,,,,
864,Navigate20578169824,,,,
865,Dream16986967284,Saudi Arabia,,,
866,jonsunidcosta,,,,
867,Wakaplenty,"Muscat, Muscat Governorate",,,
868,Y8939FUlucie_,,,,
869,solot739,,,,
870,msY4482JY,,,,
871,ravijohna,,,,
872,512nss,,,,
873,Fearless02199626193,,,,
874,worldtravelerzzzzzz,Emirate of Dubai,,,
875,Z8167FHthomasr,,,,
876,va956,,,,
877,gloriaa96,,,,
878,N6526WTrafa_b,"Sieradz, Lodz Province, Central Poland",,,
879,N5165RC_,,,,
880,josephines,United Kingdom,,,
881,vabby-suchi,"Dubai, Emirate of Dubai",,,
882,Curious23702761265,Doha,,,
883,shamoail9,Doha,,,
884,jorren1209,"Muscat, Muscat Governorate",,,
885,216ljb,,,,
886,heartck,"Muscat, Muscat Governorate",,,
887,Talalsaleem,Kuwait City,,,
888,830marwah,,,,
889,C1318SMlisat,,,,
890,Stay673471,"Kronberg im Taunus, Hesse",,,
891,allanjohns2024,,,,
892,Mobile11690938723,,,,
893,jepoym2024,,,,
894,P4175LMenricop,,,,
895,ppO8895QL,,,,
896,392adamb,"Melbourne, Victoria",,,
897,joerG4765SF,,,,
898,Pathan0611,,,,
899,mail2bkumar,,,,
900,letjasperknow,"Muscat, Muscat Governorate",,,
901,W165YVsureshs,,,,
902,N5919ZPalbertv,,,,
903,Trip59707208233,,,,
904,Sherpa16886911209,,,,
905,133maryannl,,,,
906,H9624WZsamuelf,"Munich, Upper Bavaria, Bavaria",,,
907,divermario,"Rome, Lazio",,,
908,2023RoamIfIWantTo,"Milwaukee, Wisconsin",,,
909,RichardD586,"Meganisi, Ionian Islands",,,
910,totomaimartinez,"Abu Dhabi, Emirate of Abu Dhabi",,,
911,Cledion,"Muscat, Muscat Governorate",,,
912,982remelynr,,,,
913,Trish672,"Dubai, Emirate of Dubai",,,
914,tattiescone,,,,
915,JaneE604,"New York City, New York",,,
916,davidhughtaylor,"Melbourne, Victoria",,,
917,nathandthomas,"Dubai, Emirate of Dubai",,,
918,Cruiser45677652889,"Dubai, Emirate of Dubai",,,
919,AmirF43,,,,
920,Dakles,"Southampton, Hampshire, England",,,
921,annazH5419NW,Kyiv,,,
922,welewa,"Dubai, Emirate of Dubai",,,
923,yasirimam110,"Dubai, Emirate of Dubai",,,
924,V4750ZTmajar,,,,
925,Daydream22579046490,,,,
926,MHV1964,"Abu Dhabi, Emirate of Abu Dhabi",,,
927,Sag79,"Dubai, Emirate of Dubai",,,
928,fatmaaP6114KA,,,,
929,arseniy_uiaa,Bogota,,,
930,EKBizTraveller,"Nilai, Seremban District, Negeri Sembilan",,,
931,Pomacentrus,"Abu Dhabi, Emirate of Abu Dhabi",,,
932,mward93,"Abu Dhabi, Emirate of Abu Dhabi",,,
933,766sangeethaa,"Dubai, Emirate of Dubai",,,
934,imad364,,,,
935,Stant773,"Dubai, Emirate of Dubai",,,
936,duarte_reynolds,"Abu Dhabi, Emirate of Abu Dhabi",,,
937,ElCollector,"London, England",,,
938,Yummyami1127,"London, England",,,
939,SilkyMurjani123,"Muscat, Muscat Governorate",,,
940,wimdegroote1,"Bruges, West Flanders Province",,,
941,Tonyzac17,"Muscat, Muscat Governorate",,,
942,Greenharm,"Haarlem, North Holland Province",,,
943,ALom1209,"Dubai, Emirate of Dubai",,,
944,Navigate45988364193,"Riyadh, Riyadh Province",,,
945,N7908DGsamb,,,,
946,Lesleydxb,United Arab Emirates,,,
947,m_a_khalil,,,,
948,EMEMIRIS,,,,
949,WonderfulWorld59,"Lee's Summit, Missouri",,,
950,R4692BZmikec,"Atlanta, Georgia",,,
951,PutneyTraveller_10,"London, England",,,
952,lottee2015,"Copenhagen, Zealand",,,
953,jacobaH8897TZ,"Muscat, Muscat Governorate",,,
954,DirkW107,"Alexandra Headland, Sunshine Coast, Queensland",,,
955,pjmoorhouse,"Bergen, Hordaland, Western Norway",,,
956,GPTNT,"Abu Dhabi, Emirate of Abu Dhabi",,,
957,Traveller839,"Brisbane, Brisbane Region, Queensland",,,
958,MStJB,"York, North Yorkshire, England",,,
959,dominikazarkowska,"Szczecin, Western Pomerania Province, Western Poland",,,
960,SheilaT1285,,,,
961,za738222,"San Francisco, California",,,
962,bemerode,"Victoria, Mahe Island",,,
963,MarkB186338,"London, England",,,
964,TheShake69,"London, England",,,
965,elyza180,"Antwerp, Antwerp Province",,,
966,blsnwbrdr,"Washington DC, District of Columbia",,,
967,814derynh,"Waterlooville, Hampshire, England",,,
968,Wandiemoo,"Canberra, Australian Capital Territory",,,
969,cuteladyBaluch,Muscat Governorate,,,
970,dipanjandebnath,Emirate of Dubai,,,
971,TimFP,,,,
972,Neleworld,"Waldshut-Tiengen, Baden-Württemberg",,,
973,Tin100tin,"Los Angeles, California",,,
974,Mogeltoft,"Copenhagen, Zealand",,,
975,724iulianab,,,,
976,300andreasm,Switzerland,,,
977,totuccio83,,,,
978,Fahad_S_Al_Harthi,"Seeb, Muscat Governorate",,,
979,smrwahibi,"Muscat, Muscat Governorate",,,
980,maxkF1451WT,,,,
981,Capisce,"North Vancouver, British Columbia",,,
982,Q8343XTjeffw,"Marchwood, Hampshire, England",,,
983,722imrank,"Muscat, Muscat Governorate",,,
984,Georgina_Gillender,"London, England",,,
985,genevielyg2024,"Muscat, Muscat Governorate",,,
986,76aymans,,,,
987,Dream-Travel73,,,,
988,Alena_Msc,"Moscow, Central Russia",,,
989,Midgemight,,,,
990,roscoeroo,"Antrim, County Antrim, Northern Ireland",,,
991,guy990,"Leuven, Flemish Brabant Province",,,
992,UJG,"Glasgow, Scotland",,,
993,sandrinami,"Milan, Lombardy",,,
994,wakina2018,"Chicago, Illinois",,,
995,veronikakl84,,,,
996,MartineNL,"Dordrecht, South Holland Province",,,
997,L7710GMdeepaks,,,,
998,khalidalmahruqi,"Muscat, Muscat Governorate",,,
999,sidhants619,,,,
1000,997premc,,,,
1001,tobiass853,,,,
1002,marcotY4302WM,,,,
1003,mohsina327,"Muscat, Muscat Governorate",,,
1004,lermieh2023,,,,
1005,KathyV305,"Dendermonde, East Flanders Province",,,
1006,janmL7970MW,"Al Ain, Emirate of Abu Dhabi",,,
1007,801Julia365,"Newcastle upon Tyne, Tyne and Wear, England",,,
1008,760mea,"Al Ain, Emirate of Abu Dhabi",,,
1009,franzwar2016,"Dubai, Emirate of Dubai",,,
1010,kirtanshah,"Mumbai, Maharashtra",,,
1011,jangjae,"Abu Dhabi, Emirate of Abu Dhabi",,,
1012,Mary_jean2018,Al Buraimi Governorate,,,
1013,244hazim,"Sohar, Al Batinah Governorate",,,
1014,mairaq2024,,,,
1015,F3035UApauld,"Muscat, Muscat Governorate",,,
1016,Anya_Mal,,,,
1017,mrx2abdo,,,,
1018,alihamoudalhinai,"Muscat, Muscat Governorate",,,
1019,Dreamer40200343340,,,,
1020,8Eight88,,,,
1021,Maha_reviews,,,,
1022,PietroDallavia,"Cumbria, England",,,
1023,FHDDXB,"Dubai, Emirate of Dubai",,,
1024,patraoRS,"Dubai, Emirate of Dubai",,,
1025,ThomasArabia,"Abu Dhabi, Emirate of Abu Dhabi",,,
1026,graceaudreyv,,,,
1027,SinbadSam,Doha,,,
1028,keiraned,"Riyadh, Riyadh Province",,,
1029,Stay591978,,,,
1030,jhazcher,"Dubai, Emirate of Dubai",,,
1031,clareem2961,"Dubai, Emirate of Dubai",,,
1032,jamaloman,"Muscat, Muscat Governorate",,,
1033,MadamMinchin,"Makati, Metro Manila, Luzon",,,
1034,OmaExplorer,,,,
1035,vnessa072019,"Dubai, Emirate of Dubai",,,
1036,sunseb,"Kochi (Cochin), Ernakulam District, Kerala",,,
1037,Wanderer597841,,,,
1038,293nadera,,,,
1039,649murshida,,,,
1040,Pioneer38456906652,"Athens, Attica",,,
1041,Escape43754078280,,,,
1042,Resort60409525899,"Genoa, Italian Riviera, Liguria",,,
1043,Trek23445103624,,,,
1044,897shijuj,,,,
1045,Trail12232962984,,,,
1046,540akshayr,"New York City, New York",,,
1047,umeshk2022,,,,
1048,Atholr,,,,
1049,Catweazle1664,United Kingdom,,,
1050,ilias587,"Chennai (Madras), Chennai District, Tamil Nadu",,,
1051,ridipo,"Abu Dhabi, Emirate of Abu Dhabi",,,
1052,Adventure808782,"Dubai, Emirate of Dubai",,,
1053,968imani,,,,
1054,Climber563855,,,,
1055,shah20242024,"London, England",,,
1056,526sanjayp,"Muscat, Muscat Governorate",,,
1057,X4034YVphillipb,,,,
1058,roosterza,"London, England",,,
1059,mikepI11RA,"South Wales, Wales",,,
1060,GreyNomad2014,"Jannali, Sutherland Shire, Greater Sydney, New South Wales",,,
1061,849davideg,,,,
1062,Joiefull,"Muscat, Muscat Governorate",,,
1063,TreeNet,,,,
1064,traveller1968,Vienna,,,
1065,lauramtorino,"Turin, Province of Turin, Piedmont",,,
1066,235amarl,,,,
1067,B7036RIjoys,,,,
1068,Sightseer25462961444,,,,
1069,StacyGarbis,"Dubai, Emirate of Dubai",,,
1070,aghjvg,,,,
1071,802secretb,,,,
1072,388erumj,,,,
1073,570ghassans,,,,
1074,wqn2023,,,,
1075,879imranr,,,,
1076,ludki2ludki,"Warsaw, Mazovia Province, Central Poland",,,
1077,364vinyv,,,,
1078,Craige1959,"London, England",,,
1079,Voyager647119,,,,
1080,Aliashrafshahin,,,,
1081,MohammedMSaeed,,,,
1082,Excursion15661846335,,,,
1083,athen22,"Shenzhen, Guangdong",,,
1084,Vitaly-Ermachenko,,,,
1085,mohamedy297,"Dubai, Emirate of Dubai",,,
1086,69florencen,"Dubai, Emirate of Dubai",,,
1087,Hasmeleata1,"Durham, North Carolina",,,
1088,yeganaj2023,,,,
1089,nataliacelada,Madrid,,,
1090,539shadiz,,,,
1091,khetame2024,,,,
1092,sherrlyh,,,,
1093,Andi2022,,,,
1094,U9442XXchloed,,,,
1095,Traveler52240544506,,,,
1096,badihy2024,,,,
1097,Culture67556809502,,,,
1098,M8821CBabdelrahmana,,,,
1099,Happiness04370197615,,,,
1100,nathandK4575JU,,,,
1101,snayk2021,,,,
1102,Georgiia07,,,,
1103,veronicalG6586VS,,,,
1104,annavZ2629KD,,,,
1105,Y9306JUnicolel,,,,
1106,J2948VFsebastianr,,,,
1107,sabahk2013,"Karachi, Sindh Province",,,
1108,201asmar,,,,
1109,889rayane,,,,
1110,quieshad2024,,,,
1111,jnm256,,,,
1112,Freedom50420051855,"Essex, England",,,
1113,galserra,"Escaldes-Engordany, Escaldes-Engordany Parish",,,
1114,Paulstir007,"Dubai, Emirate of Dubai",,,
1115,PaulCollingz,"Bantayan Island, Cebu Island, Visayas",,,
1116,Sightsee758415,,,,
1117,E371IHmohamedg,,,,
1118,jonathanvX7848OY,,,,
1119,737gregorh,,,,
1120,sultanm841,,,,
1121,757yuliay,"Dubai, Emirate of Dubai",,,
1122,Camper57117078134,"Abu Dhabi, Emirate of Abu Dhabi",,,
1123,mo17ri,"Arusha, Arusha Region",,,
1124,R249X,,,,
1125,164nevinh,"Dubai, Emirate of Dubai",,,
1126,dja720,,,,
1127,mahmoudaI4658AU,,,,
1128,vanessakQ4511SL,,,,
1129,Y2974NSbeatricem,,,,
1130,630kanikak,,,,
1131,juannD8395WB,,,,
1132,Roving54400427842,,,,
1133,pricellez,"Dubai, Emirate of Dubai",,,
1134,801aswinm,,,,
1135,Sfarik09,,,,
1136,andyz16,,,,
1137,True-reviewer-QTR,Qatar,,,
1138,Z8795KAsandrae,,,,
1139,Estrela75,"Porto, Porto District, Northern Portugal",,,
1140,AnastasiyaD51,"Dubai, Emirate of Dubai",,,
1141,amandasP6455RU,,,,
1142,N4896JTaa,,,,
1143,markcD9762VO,,,,
1144,597faziah,,,,
1145,andreal135,,,,
1146,NIKINY,Beijing,,,
1147,pinarh576,,,,
1148,221insider,,,,
1149,francisdeod,,,,
1150,j0v16,"Abu Dhabi, Emirate of Abu Dhabi",,,
1151,amnaa601,,,,
1152,UAE_2070,"Abu Dhabi, Emirate of Abu Dhabi",,,
1153,Flyer17980435004,,,,
1154,919afrahh,,,,
1155,sachinc668,,,,
1156,Deig16,"Altrincham, Trafford, Greater Manchester, England",,,
1157,Bryan_P_Anderson,"Durbanville, Western Cape",,,
1158,normadaremas,"Glasgow, Scotland",,,
1159,312alaad,"Abu Dhabi, Emirate of Abu Dhabi",,,
1160,coolpig,"Il Gzira, Island of Malta",,,
1161,CheeseburgerParadise,,,,
1162,1989UsamahS,"Solihull, West Midlands, England",,,
1163,AKAlfadhli,Kuwait City,,,
1164,136charlesk,"Winchester, Hampshire, England",,,
1165,AmpeireR,"Abu Dhabi, Emirate of Abu Dhabi",,,
1166,teacher89e,Kuwait City,,,
1167,473juanmanuelq,,,,
1168,L8871TXelizabethf,,,,
1169,alwewa,,,,
1170,eugeniaa657,"Jebel Ali, Emirate of Dubai",,,
1171,635lijis,,,,
1172,962sushman,,,,
1173,MIbahadur,,,,
1174,272sharjahs,,,,
1175,sagarb756,,,,
1176,jerrymarc2016,,,,
1177,ryanedwardazcueta,"Dubai, Emirate of Dubai",,,
1178,MenuCreeper,"Dubai, Emirate of Dubai",,,
1179,RipplezzGallore,"Dubai, Emirate of Dubai",,,
1180,foodbeee,"Sharjah, Emirate of Sharjah",,,
1181,hends749,,,,
1182,I9892SCgb,,,,
1183,parneeta2004,,,,
1184,845rabies,"Dubai, Emirate of Dubai",,,
1185,345orsolyae,,,,
1186,imsyedadil,"Dubai, Emirate of Dubai",,,
1187,flona98,"Sharjah, Emirate of Sharjah",,,
1188,azkaq,"Dubai, Emirate of Dubai",,,
1189,scmm2013,"Dubai, Emirate of Dubai",,,
1190,VikramS168,"Ajman, Emirate of Ajman",,,
1191,_J3587BN,,,,
1192,ronaldop599,"Dubai, Emirate of Dubai",,,
1193,kat0ua,"Dubai, Emirate of Dubai",,,
1194,WilMiRe,"Dubai, Emirate of Dubai",,,
1195,255nicholast,"Dubai, Emirate of Dubai",,,
1196,U7915FYkhalidm,,,,
1197,rashide2024,,,,
1198,125arifurr,,,,
1199,aliasgarmc52,"Sharjah, Emirate of Sharjah",,,
1200,jessil_dxb,"Dubai, Emirate of Dubai",,,
1201,Sound4Peace,,,,
1202,Go100go,Horgen,,,
1203,Alex-e7sas,"Dubai, Emirate of Dubai",,,
1204,rixku,"Vicchio, Tuscany",,,
1205,KBJ21,,,,
1206,pitarn2023,"Dubai, Emirate of Dubai",,,
1207,Harigovs,"Birmingham, West Midlands, England",,,
1208,Navigate06074153038,"Cairo, Cairo Governorate",,,
1209,402alyan,,,,
1210,ibrahimsC8461SR,,,,
1211,Escapetofindeace,United Arab Emirates,,,
1212,Diya2422,"Dubai, Emirate of Dubai",,,
1213,mari_uae_run,"Dubai, Emirate of Dubai",,,
1214,162anjalia,,,,
1215,882wisama,"Dubai, Emirate of Dubai",,,
1216,rpatwalia,"London, England",,,
1217,njansubin,India,,,
1218,kloudia_Az,Minnesota,,,
1219,Pluto_Citizen,"Ajman, Emirate of Ajman",,,
1220,124tahseens,"Ajman, Emirate of Ajman",,,
1221,675duncanw,"Dubai, Emirate of Dubai",,,
1222,mgbanezphototgraphy,"Angeles City, Pampanga Province, Central Luzon Region, Luzon",,,
1223,BKR_AJMAN,"Ajman, Emirate of Ajman",,,
1224,Lizbethology,"Dubai, Emirate of Dubai",,,
1225,nayabsarhandi,"Dubai, Emirate of Dubai",,,
1226,Saer_Zeino,,,,
1227,RaniAD72,"Dubai, Emirate of Dubai",,,
1228,duniaobaidy,"Ajman, Emirate of Ajman",,,
1229,perdanasiswa,"Calgary, Alberta",,,
1230,154silverh,"Dubai, Emirate of Dubai",,,
1231,maktarikhaled,"Sharjah, Emirate of Sharjah",,,
1232,asmh2013,"Dubai, Emirate of Dubai",,,
1233,462shadym,"Dubai, Emirate of Dubai",,,
1234,nitshmetworld,"Sharjah, Emirate of Sharjah",,,
1235,Microklin,,,,
1236,MosseTurku,"Turku, Southwest Finland",,,
1237,timg585,"Blackpool, Lancashire, England",,,
1238,jasers2014,"Munich, Upper Bavaria, Bavaria",,,
1239,JensPerregaard,"Munich, Upper Bavaria, Bavaria",,,
1240,foodienvlog,"Thiruvananthapuram (Trivandrum), Thiruvananthapuram District, Kerala",,,
1241,Inspire38452298283,"Marbella, Costa del Sol, Province of Malaga, Andalucia",,,
1242,631yassinea,"Dubai, Emirate of Dubai",,,
1243,wadzanayim2023,,,,
1244,662drissd,,,,
1245,839oumaymat,,,,
1246,Bicks_medellin,Colombia,,,
1247,manjum572,,,,
1248,KhalafK_13,"Sharjah, Emirate of Sharjah",,,
1249,mikaellarm,,,,
1250,Connector711929,,,,
1251,lajeyd2021,,,,
1252,M3198NMdmitrym,,,,
1253,Happiness44187835351,,,,
1254,didikagu,"Dubai, Emirate of Dubai",,,
1255,629dominiquef,,,,
1256,SeanGDXB,"Dubai, Emirate of Dubai",,,
1257,maryaY8840WD,,,,
1258,Wander64544586473,,,,
1259,fayrouza572,"Dubai, Emirate of Dubai",,,
1260,soheilb307,,,,
1261,SarahC0805,"Gloucester, Cotswolds, England",,,
1262,aartivenugopal94,"Dubai, Emirate of Dubai",,,
1263,I2113RHjameso,"Al Ain, Emirate of Abu Dhabi",,,
1264,due489,"Dubai, Emirate of Dubai",,,
1265,saviom743,,,,
1266,gracesF7674LT,,,,
1267,RashidP_Dubai,"Dubai, Emirate of Dubai",,,
1268,marwan1013,,,,
1269,TravelistaBelle,"Dubai, Emirate of Dubai",,,
1270,njf2017,,,,
1271,P7078AEalig,,,,
1272,EjazHShah,"Umm Al Quwain, Emirate of Umm Al Quwain",,,
1273,Vacationer751653,,,,
1274,944oleksiyl,United Arab Emirates,,,
1275,azia_anzia,"Dubai, Emirate of Dubai",,,
1276,BukhariArham,"Lahore, Punjab Province",,,
1277,cbrxxmoto,Kyiv,,,
1278,abdulm410,,,,
1279,voicudani25,"Dubai, Emirate of Dubai",,,
1280,erfayed,"Dubai, Emirate of Dubai",,,
1281,523amira,,,,
1282,Curious02859441558,,,,
1283,Excursion22060692387,,,,
1284,shonellew2018,"Fujairah, Emirate of Fujairah",,,
1285,zeenatha2024,,,,
1286,sbhijjawi,"Fujairah, Emirate of Fujairah",,,
1287,mumof3tck,"Dubai, Emirate of Dubai",,,
1288,475musaeda,"Fujairah, Emirate of Fujairah",,,
1289,dane1980,"Kempton Park, Greater Johannesburg, Gauteng",,,
1290,ahmodalhamdhal23,"Fujairah, Emirate of Fujairah",,,
1291,VirginiaV793,"Fujairah, Emirate of Fujairah",,,
1292,dupeyabu,"Bristol, England",,,
1293,AndreaH2640,,,,
1294,vanitha007,"Dubai, Emirate of Dubai",,,
1295,driss10,,,,
1296,KC_UK2015,"London, England",,,
1297,912marh,Tbilisi,,,
1298,FrequentT1280,"Newport Beach, California",,,
1299,Zack_ya7ya,,,,
1300,g2gandhi,"Bardez, North Goa District, Goa",,,
1301,bekhruzi2015,"Abu Dhabi, Emirate of Abu Dhabi",,,
1302,ArvindS,"Abu Dhabi, Emirate of Abu Dhabi",,,
1303,fahym,"Edmonton, Alberta",,,
1304,kkdalwai,,,,
1305,685jene,,,,
1306,mdn425,"Dubai, Emirate of Dubai",,,
1307,bugnotst,,,,
1308,lijog417,,,,
1309,876marsm,,,,
1310,rickycA6475DF,,,,
1311,Alkhateibi,,,,
1312,taliam734,,,,
1313,Bu-Zayed82,,,,
1314,12334566654,,,,
1315,7mza,,,,
1316,hangoutwithhani,"Dubai, Emirate of Dubai",,,
1317,maxlK3045VE,Zurich,,,
1318,F6039DHkarinam,,,,
1319,409anfisag,,,,
1320,priyankaa543,,,,
1321,P7644TD_,,,,
1322,tahorr,,,,
1323,249aee,,,,
1324,martinpV2587HE,,,,
1325,JaimeN706,,,,
1326,stevenplummer69,,,,
1327,Nij1104,"Bagshot, Surrey, England",,,
1328,B878TV_,"Kostanay, Kostanay Province",,,
1329,nailah_aljasmi,"Ras Al Khaimah, Emirate of Ras Al Khaimah",,,
1330,TheOriginalTatziana,"Ras Al Khaimah, Emirate of Ras Al Khaimah",,,
1331,490dinaray,,,,
1332,A8775US_,,,,
1333,_V3574HZ,,,,
1334,tenaje2024,,,,
1335,477fahdb,,,,
1336,khaledw275,,,,
1337,833omranm,,,,
1338,lilisY7285AH,,,,
1339,362dinarak,,,,
1340,90ericau,,,,
1341,RhondaEssex,"Stanford-Le-Hope, Thurrock, Essex, England",,,
1342,W5205PE_,,,,
1343,caz3026,"Corby, Northamptonshire, England",,,
1344,W5958JYadams,,,,
1345,Y282UKlisac,,,,
1346,ahmedeN8248WV,,,,
1347,238mahmoudf,,,,
1348,A5500MM_,,,,
1349,Applemags,"Dubai, Emirate of Dubai",,,
1350,dimitris970,,,,
1351,_P5389XU,,,,
1352,465elizavetap,,,,
1353,55jelleh,,,,
1354,I218MG_,,,,
1355,James_007764,"Nottingham, Nottinghamshire, England",,,
1356,matiasbZ8147OC,,,,
1357,_U5274HO,,,,
1358,Deenseeker,,,,
1359,bhavishal2024,,,,
1360,diegogR7621IN,,,,
1361,dpaulak,,,,
1362,726ghalyaa,,,,
1363,512nand,,,,
1364,Passenger47883643529,,,,
1365,BarbaraD684,,,,
1366,Sightseer12338437803,"Dubai, Emirate of Dubai",,,
1367,Monnaroza,"Dubai, Emirate of Dubai",,,
1368,sufiyank473,,,,
1369,Explorer34940823499,"Trofa, Porto District, Northern Portugal",,,
1370,Resort24279217211,,,,
1371,nadineo562,,,,
1372,samirhS8751DZ,,,,
1373,maddieh726,,,,
1374,valentinabuccino,,,,
1375,719aileena,,,,
1376,718anirudhr,Doha,,,
1377,AlokV101,,,,
1378,517madhavam,,,,
1379,zohaibk478,,,,
1380,justineo_11,Qatar,,,
1381,mohammadalia548,,,,
1382,NajatAlsahlawi,Doha,,,
1383,rommyv457,,,,
1384,761majidahr,,,,
1385,T5960KFpriyas,,,,
1386,723vanessar,,,,
1387,Lumiere_lulu,Doha,,,
1388,hobartemily,"College Station, Texas",,,
1389,Nigelandsusan,Doha,,,
1390,Curious11679126803,,,,
1391,936khalidq,,,,
1392,Purnawati2299,,,,
1393,alnoorm827,,,,
1394,TofigG1,,,,
1395,Passport489802,,,,
1396,DoraC165,Doha,,,
1397,danno6249,"Key West, Florida Keys, Florida",,,
1398,Exploration325966,Doha,,,
1399,dipsomaniac429,Doha,,,
1400,deons460,,,,
1401,Jerry-Janko,Doha,,,
1402,panbols,,,,
1403,Soltani2002,Doha,,,
1404,Debzp83,United Kingdom,,,
1405,restyw2020,Doha,,,
1406,barfiner,Doha,,,
1407,rebeccawA972KG,,,,
1408,deepak_wr87,Doha,,,
1409,j0hnpa0l0r,,,,
1410,123ruba,"Amman, Amman Governorate",,,
1411,Tasaber,Doha,,,
1412,hamzabX9263HC,"Casablanca, Casablanca-Settat",,,
1413,bougarns,,,,
1414,cecilieemiliep,,,,
1415,tichaonam252,,,,
1416,H6812GRdanaa,,,,
1417,E2216FQsarahk,,,,
1418,wadhai2024,,,,
1419,Voyage720720,,,,
1420,maxdomingueez88,"Seville, Province of Seville, Andalucia",,,
1421,amalmJ7393HX,,,,
1422,assila2021,"Dubai, Emirate of Dubai",,,
1423,848ramanz,,,,
1424,135brianas,,,,
1425,399sachad,,,,
1426,121aak,,,,
1427,54ryp,,,,
1428,manuelpZ7027GT,,,,
1429,422nastias,,,,
1430,togzhanj370,,,,
1431,151nooraa,,,,
1432,sohadb2024,,,,
1433,barbaramV9536BS,,,,
1434,qrider79,Qatar,,,
1435,Camper18600375558,,,,
1436,jobinr947,Doha,,,
1437,telly_hr,Doha,,,
1438,708FT,Doha,,,
1439,melaniejO6725ZM,,,,
1440,Farupanalam10,,,,
1441,Sahilbanga,"Dubai, Emirate of Dubai",,,
1442,MrEveryTalk,"Muscat, Muscat Governorate",,,
1443,TravelerWithOpinions,"Boston, Massachusetts",,,
1444,RFJ1984,"Emsworth, Hampshire, England",,,
1445,eblechman,"Washington DC, District of Columbia",,,
1446,marketexas,"Houston, Texas",,,
1447,IsaacTelias,"Hod Hasharon, Central District",,,
1448,Abu_Firas_11,Qatar,,,
1449,boj2016,Doha,,,
1450,MinsMarket,"Makati, Metro Manila, Luzon",,,
1451,Nins_12,Doha,,,
1452,159dawnw,"Retford, Nottinghamshire, England",,,
1453,Bipin007,,,,
1454,126basmaa,Doha,,,
1455,m2zeal,Doha,,,
1456,PatGer40,"Saint-Germain-en-Laye, Yvelines, Ile-de-France",,,
1457,Highburysunshine,"London, England",,,
1458,nishak968,,,,
1459,855waqasz,,,,
1460,TravelwithGrace_0627,Doha,,,
1461,nikhil027,Qatar,,,
1462,Finglowe,"Espoo, Uusimaa",,,
1463,MoGoingPlaces,"Giza, Giza Governorate",,,
1464,478talaa,,,,
1465,882zakariac,,,,
1466,Sunshine11894460430,,,,
1467,chefsheldon,"South of the Border, South Carolina",,,
1468,E690UOstever,"Rocky Mount, Virginia",,,
1469,472bevh,,,,
1470,arigatuus,Doha,,,
1471,367safal,,,,
1472,Zetster,"London, England",,,
1473,750ahmada,,,,
1474,Sightsee54131098017,,,,
1475,queenofeverything007,"Düsseldorf, North Rhine-Westphalia",,,
1476,TravElkouteini,"Denver, Colorado",,,
1477,iloukeh,Qatar,,,
1478,SamerKassas,"Ottawa, Ontario",,,
1479,louid_13,"Mumbai, Maharashtra",,,
1480,122armaank,,,,
1481,J4035KEalanp,,,,
1482,MRKalmady,,,,
1483,yahyazehri,Doha,,,
1484,maYafei,Doha,,,
1485,ArunAlex,"Sharjah, Emirate of Sharjah",,,
1486,Adam3412,"Jodhpur, Jodhpur District, Rajasthan",,,
1487,Laishram,"Guwahati, Kamrup Metropolitan District, Assam",,,
1488,Ladybarn345,"Manchester, Greater Manchester, England",,,
1489,deanosaur89,"Edmonton, Alberta",,,
1490,barnsssss,Doha,,,
1491,Q7522SHkatem,,,,
1492,_Y8303PM,Doha,,,
1493,vimleshr,Doha,,,
1494,Jedgabriel,,,,
1495,prasu13366,"Mangalore, Dakshina Kannada District, Karnataka",,,
1496,kunjabiharim2016,"Varanasi, Varanasi District, Uttar Pradesh",,,
1497,joelcU1977LS,Doha,,,
1498,vykye2000,"London, England",,,
1499,hotelier2016,Philippines,,,
1500,yuel211,Doha,,,
1501,Alexjoey,Baar,,,
1502,racz_bh,,,,
1503,L_battlebury,"North Yorkshire, England",,,
1504,stephaniewE310IM,,,,
1505,Sightsee26076931171,"Valencia, Province of Valencia, Valencian Community",,,
1506,lecterit,"Seriate, Province of Bergamo, Lombardy",,,
1507,49keremg,Istanbul,,,
1508,smkhanmd,"Lahore, Punjab Province",,,
1509,scottbadgerbaker,"Essex, England",,,
1510,georgesa874,"Marignane, Bouches-du-Rhone, Provence-Alpes-Cote d'Azur",,,
1511,Baool,"Riyadh, Riyadh Province",,,
1512,basilc2017,"Riyadh, Riyadh Province",,,
1513,S1164IYianm,,,,
1514,paolodK8527JI,,,,
1515,E9500VWgabrielad,,,,
1516,jamesbristow333,,,,
1517,TanSea,"Sydney, New South Wales",,,
1518,946RichardT946,"London, England",,,
1519,Matzakane,,,,
1520,149elafa,,,,
1521,Rinoa08,,,,
1522,M5374IGalejandrag,Saudi Arabia,,,
1523,768ehabm,,,,
1524,606mile,"Rijeka, Primorje-Gorski Kotar County",,,
1525,Guide17608898184,,,,
1526,WaelEino,"Riyadh, Riyadh Province",,,
1527,Adventure29439978462,,,,
1528,nibali2023,,,,
1529,mohammadh763,"Riyadh, Riyadh Province",,,
1530,mbG5978CV,,,,
1531,JohnD1988_88,"Dubai, Emirate of Dubai",,,
1532,veronicatQ6197ZT,"Montcada i Reixac, Catalonia",,,
1533,MAK1956,"Jeddah, Makkah Province",,,
1534,ruhsuad,,,,
1535,9tahirk,"Riyadh, Riyadh Province",,,
1536,Jet55644641544,"Riyadh, Riyadh Province",,,
1537,716attan,"Riyadh, Riyadh Province",,,
1538,hibaa955,,,,
1539,S_Khan_ruh,,,,
1540,Lhordtrix100185,"Cavite Province, Calabarzon Region, Luzon",,,
1541,sarahogan,"Riyadh, Riyadh Province",,,
1542,loaye2017,"London, England",,,
1543,93bibif,,,,
1544,Dr_Parry_in_Bath,"Clevedon, Somerset, England",,,
1545,carolynaY79ME,,,,
1546,CliveR860,"Manchester, Greater Manchester, England",,,
1547,kalidos,,,,
1548,Margherita_Riyad,"Riyadh, Riyadh Province",,,
1549,Abdulmoez-Tahmaz,"Riyadh, Riyadh Province",,,
1550,KylieWSfrommelbourne,"Melbourne, Victoria",,,
1551,shtarker2016,"Melbourne, Victoria",,,
1552,117ginnieb,,,,
1553,N5481TYbridgetm,"Gold Coast, Queensland",,,
1554,Sightseer468318,,,,
1555,GreenlandJu,"Manchester, Greater Manchester, England",,,
1556,robertdG9673JG,,,,
1557,cattflorida,"Tampa, Florida",,,
1558,ronster737,"Chicago, Illinois",,,
1559,knhdah,"Beaverton, Oregon",,,
1560,Freedom18844687777,,,,
1561,antp765,,,,
1562,andreaaI1118OZ,"Brisbane, Brisbane Region, Queensland",,,
1563,B8089YGjohns,"Brisbane, Brisbane Region, Queensland",,,
1564,travel_novice72,,,,
1565,376steview,,,,
1566,136ginav,"Antioch, California",,,
1567,photogenius223,"Washington DC, District of Columbia",,,
1568,429aleksandraz,,,,
1569,raenetteg,"Antioch, California",,,
1570,Gwarts,"Littleton, Colorado",,,
1571,Footprints517414,,,,
1572,Wesley-Raleigh,"Raleigh, North Carolina",,,
1573,Jodi307,,,,
1574,424megana,"Raleigh, North Carolina",,,
1575,dhui,"Sydney, New South Wales",,,
1576,336Chelsea,"Sydney, New South Wales",,,
1577,dlollato,"Brisbane, Brisbane Region, Queensland",,,
1578,Gelderlander,,,,
1579,vicob2018,"Sydney, New South Wales",,,
1580,tommomelbourne,"Melbourne, Victoria",,,
1581,snewzr,"Christchurch, Canterbury Region, South Island",,,
1582,jacquitohc,"Auckland Central, North Island",,,
1583,HappTrav1967,"Wakefield, West Yorkshire, England",,,
1584,924bettye,"Melbourne, Victoria",,,
1585,V977OVjanea,,,,
1586,LewisH27,"Dubai, Emirate of Dubai",,,
1587,940diannec,,,,
1588,ltT5214DI,,,,
1589,M4verick14,"Sydney, New South Wales",,,
1590,155kerriep,"Perth, Greater Perth, Western Australia",,,
1591,83jandavidc,,,,
1592,DarrenS1958,"Perth, Greater Perth, Western Australia",,,
1593,naomi3040,"Essendon, Moonee Valley, Greater Melbourne, Victoria",,,
1594,ClaytonFamily44,,,,
1595,Global10824489173,"Swanscombe, Kent, England",,,
1596,ruthwW981ES,,,,
1597,D9763EKjohna,,,,
1598,868kevinr,"Gravesend, Kent, England",,,
1599,Journey623398,,,,
1600,shahq2021,,,,
1601,bolaa241,,,,
1602,217mustafah,,,,
1603,Quest47233666801,"Coventry, West Midlands, England",,,
1604,Flyer24703788910,"Liverpool, Merseyside, England",,,
1605,LDM125,"Vancouver, British Columbia",,,
1606,244alexl,"Arlington Heights, Illinois",,,
1607,rickpoet,"Los Angeles, California",,,
1608,vygurl,"Washington DC, District of Columbia",,,
1609,suzannemH5040SC,,,,
1610,RoSchu500,,,,
1611,NicolasCaqueo,,,,
1612,TAZ1891,"Bournemouth, Dorset, England",,,
1613,oskodvin,"Stokmarknes, Hadsel Municipality, Nordland, Northern Norway",,,
1614,AndreL583,"Curico, Maule Region",,,
1615,birgitm2013,,,,
1616,peterm948,"Liverpool, Merseyside, England",,,
1617,Mandy5582,,,,
1618,jenshaetty,"Tervuren, Flemish Brabant Province",,,
1619,Livmallu,United Kingdom,,,
1620,Minnielanka69,"Herefordshire, England",,,
1621,DeL549,Brussels,,,
1622,636dukes,,,,
1623,emmalM3135UX,,,,
1624,574cathrinei,,,,
1625,lalaforbes,,,,
1626,Tour67292667790,,,,
1627,dancet2024,,,,
1628,andromart56,"Rijeka, Primorje-Gorski Kotar County",,,
1629,patriciagnn,"Lisbon, Lisbon District, Central Portugal",,,
1630,TravFami,,,,
1631,CanberraDiner,,,,
1632,ricofernandov,"Alkmaar, North Holland Province",,,
1633,bugblue57,"Lincoln, Lincolnshire, England",,,
1634,JAAM,"Almere, Flevoland Province",,,
1635,Nomad54287485979,,,,
1636,Passport24587864689,,,,
1637,mariammV5927PG,,,,
1638,723renato_,United Kingdom,,,
1639,arirritaa,United Kingdom,,,
1640,754luisat,Majadahonda,,,
1641,laurilalili,"Nice, French Riviera - Cote d'Azur, Provence-Alpes-Cote d'Azur",,,
1642,maryseg969,,,,
1643,Sightseer39379046196,"Aarhus, East Jutland, Jutland",,,
1644,Ryx44,Berlin,,,
1645,alexiat781,,,,
1646,377oussamad,,,,
1647,andrewsN5394RG,,,,
1648,SamAtlantis_Bkk,Bangkok,,,
1649,3112madina,Kinshasa,,,
1650,JonathanW480,"Burlington, Vermont",,,
1651,micb478,,,,
1652,Aeger_1982,,,,
1653,omyraha,,,,
1654,carlysj2014,"Perth, Greater Perth, Western Australia",,,
1655,osamamansour2018,"Tabouk, Tabuk Province",,,
1656,YaserKKK,"Zagazig, Sharqia Governorate",,,
1657,Y9536CG_,"Tabouk, Tabuk Province",,,
1658,abdullahaB9898GW,,,,
1659,j0viald,,,,
1660,saurinb167,"Orange, Ohio",,,
1661,830nabilj,,,,
1662,sofiabY3596MH,,,,
1663,BizTrv3lr,Manama,,,
1664,Bibiana54,"Botucatu, State of Sao Paulo",,,
1665,ykiran77,"Dubai, Emirate of Dubai",,,
1666,Road26595260072,,,,
1667,Discover721334,"Medina, Al Madinah Province",,,
1668,tnpole,"Brisbane, Brisbane Region, Queensland",,,
1669,skhasib,,,,
1670,amyaz1,"Houston, Texas",,,
1671,farist2013,,,,
1672,muhammadyasinkhan0,"Tabouk, Tabuk Province",,,
1673,Fareeda123,Saudi Arabia,,,
1674,863mays,"Tabouk, Tabuk Province",,,
1675,drbishra,,,,
1676,AkinR18,"Kent, England",,,
1677,banskoboy2013,Saudi Arabia,,,
1678,672marygracec,,,,
1679,778kareemh,"Riyadh, Riyadh Province",,,
1680,sweetynims,"New Delhi, National Capital Territory of Delhi",,,
1681,matthewbL8684AF,"Al Jubail, Eastern Province",,,
1682,McdExplorer,,,,
1683,jcgmdh,"Manila, Metro Manila, Luzon",,,
1684,oilpatchmike1,,,,
1685,SamirTafesh,"Riyadh, Riyadh Province",,,
1686,saraalhebshi,"Jeddah, Makkah Province",,,
1687,Mourdash,"Riyadh, Riyadh Province",,,
1688,JDREY,"Lyon, Rhone, Auvergne-Rhône-Alpes",,,
1689,ebenzahem,"Riyadh, Riyadh Province",,,
1690,NikosItalia,Brussels,,,
1691,migens_from_Y,"Moscow, Central Russia",,,
1692,desertdiablo,"Larkspur, Colorado",,,
1693,yahyaa514,"Jeddah, Makkah Province",,,
1694,Rkreview15,Doha,,,
1695,mery-2023,,,,
1696,09Daisy,"Dubai, Emirate of Dubai",,,
1697,Shougi-Makafi,,,,
1698,Basimzh,"Jazan, Jizan Province",,,
1699,alsolami252,"Jeddah, Makkah Province",,,
1700,aliaskar,"Riyadh, Riyadh Province",,,
1701,thilina2v,"Colombo, Western Province",,,
1702,141santhushd,"Hikkaduwa, Galle District, Southern Province",,,
1703,814cherift,,,,
1704,Toprichhotels,,,,
1705,spana27,,,,
1706,JenanJamal,Kuwait City,,,
1707,alakhwand,Kuwait City,,,
1708,malvisbihc,,,,
1709,karencH3055DF,,,,
1710,liljoy31,"Salmiya, Hawalli Governorate",,,
1711,780fritzr,"London, England",,,
1712,73nanditab,,,,
1713,E8209KZangelav,,,,
1714,Happiness38545724294,,,,
1715,farahmW852ST,,,,
1716,497asepd,,,,
1717,912engb,,,,
1718,Glendareal22,"Dubai, Emirate of Dubai",,,
1719,r0nalieha,,,,
1720,Explorer58297431660,,,,
1721,MerayyanR,Kuwait City,,,
1722,AlSuwaidi_R7,"Abu Dhabi, Emirate of Abu Dhabi",,,
1723,hnhashmi,"Salmiya, Hawalli Governorate",,,
1724,Alkhatnai,"Edinburgh, Scotland",,,
1725,1nidalt,,,,
1726,shuaibia,,,,
1727,paulsmithun,Kuwait City,,,
1728,RohanRoy,"Chennai (Madras), Chennai District, Tamil Nadu",,,
1729,RohanRoy21,"Chennai (Madras), Chennai District, Tamil Nadu",,,
1730,Wanderlusttrokker,Kuwait City,,,
1731,Prime121202,"Lisbon, Lisbon District, Central Portugal",,,
1732,194hussamr,,,,
1733,709jenv,,,,
1734,Abbas_fe,,,,
1735,maelmihi,Kuwait City,,,
1736,LotteDosch,,,,
1737,604fadia,Kuwait City,,,
1738,BN999999,,,,
1739,alihusaini2023,Kuwait City,,,
1740,pauljohnp781,,,,
1741,51590lilian,,,,
1742,bobader,Kuwait City,,,
1743,TAREQ_SLR,Kuwait City,,,
1744,ShamirAAA,Kuwait City,,,
1745,janeeta2022,,,,
1746,359jerinj,,,,
1747,Vacationer343846,,,,
1748,salimaR4993LI,,,,
1749,290srinivasb,,,,
1750,Irnbru,"Sydney, New South Wales",,,
1751,chadiah783,,,,
1752,Caz134,"Hurstville, Greater Sydney, New South Wales",,,
1753,stredhead,,,,
1754,LovelyIndiaHyd,"Melbourne, Victoria",,,
1755,256rafn,"Melbourne, Victoria",,,
1756,Rozanika,"Kuala Lumpur, Wilayah Persekutuan",,,
1757,553jayakrishnank,,,,
1758,spiz44,"Melbourne, Victoria",,,
1759,Mobile00043991607,,,,
1760,JojijosephTDPA,"Kochi (Cochin), Ernakulam District, Kerala",,,
1761,irina_kahlon,"New Delhi, National Capital Territory of Delhi",,,
1762,Karthik_VJ,"Thiruvananthapuram (Trivandrum), Thiruvananthapuram District, Kerala",,,
1763,sreekesk,,,,
1764,EgyptSarah,Phnom Penh,,,
1765,katielonergan22,,,,
1766,B8151FWannaf,,,,
1767,Kashif525,,,,
1768,jeffdittenber,"Edmond, Oklahoma",,,
1769,Nabz123456,Doha,,,
1770,omar_rankoussi,Doha,,,
1771,srachid84,Doha,,,
1772,Edin124,,,,
1773,461eliash,Doha,,,
1774,SOQ2010,Massachusetts,,,
1775,mohamads915,,,,
1776,sudeep1212,,,,
1777,freejava2,"Providence, Rhode Island",,,
1778,mianu650,,,,
1779,OnAir18876174063,,,,
1780,401muhammedy,,,,
1781,melodyg980,,,,
1782,359baltazarr,"Mexico City, Central Mexico and Gulf Coast",,,
1783,Extraordinary457286,,,,
1784,Sajidkhannn123,,,,
1785,AntoSavarirajan,"Hyderabad, Hyderabad District, Telangana",,,
1786,idrus2015,"Kuala Lumpur, Wilayah Persekutuan",,,
1787,yasirs681,,,,
1788,linilynn,"Kuala Lumpur, Wilayah Persekutuan",,,
1789,puterah,,,,
1790,253netram,,,,
1791,517zayeda,,,,
1792,hamadaX9668BM,,,,
1793,adamvV9651TZ,,,,
1794,ahmedhM4696FC,,,,
1795,sultank613,,,,
1796,114amalw,,,,
1797,alanoudghazzawi,"Estoril, Cascais, Lisbon District, Central Portugal",,,
1798,N310TNabdulaziza,,,,
1799,lmvillara,Madrid,,,
1800,SidandDoris,,,,
1801,JXF,,,,
1802,Dmai7,,,,
1803,Boarding_gate123,"Helsinki, Uusimaa",,,
1804,KevMW309,"Moratuwa, Western Province",,,
1805,Mdiab1234,"Dubai, Emirate of Dubai",,,
1806,Sherpa33375857710,,,,
1807,mariorG8479RY,"Dammam, Eastern Province",,,
1808,imanmarafie,Kuwait City,,,
1809,B7336IKahmeda,,,,
1810,SaeedKiani,Manama,,,
1811,874natalieb,Saar,,,
1812,khushim2019,Bahrain,,,
1813,K9Abdullah,,,,
1814,AH1969,"Kingsbridge, Devon, England",,,
1815,BalazsP_12,"La Ceiba, Atlantida Department",,,
1816,182rajak,,,,
1817,ebrahim_1980,,,,
1818,Sgolden77,,,,
1819,GeoDel1010,"San Diego, California",,,
1820,mohammedaI4000LK,Bahrain,,,
1821,Aniket6422,Manama,,,
1822,Voyager24001216321,,,,
1823,DayTrip28528544643,,,,
1824,Paradise66967795570,Manama,,,
1825,Mbaskers,"Plymouth, Devon, England",,,
1826,Oly1610,"Dammam, Eastern Province",,,
1827,GERIMD,Manama,,,
1828,rocelvi,,,,
1829,CecilleTadeo,,,,
1830,marcosG4494YJ,,,,
1831,337kevins,"Riyadh, Riyadh Province",,,
1832,Hufflepuff33,"London, England",,,
1833,DimpleJM,Bahrain,,,
1834,sallyA_md,,,,
1835,susanheatherley13,"Polperro, Cornwall, England",,,
1836,KAF0460,"Cheltenham, Cotswolds, England",,,
1837,MartinC970,"Praha 6, Prague, Bohemia",,,
1838,SharronIrwincastleba,Al Hamala,,,
1839,jvhkouklia,"Paphos, Paphos District",,,
1840,WilfredM123,,,,
1841,irenerF1585EN,"Abu Dhabi, Emirate of Abu Dhabi",,,
1842,SaraInScotland,"Edinburgh, Scotland",,,
1843,marcobG2197FQ,,,,
1844,Daydream630467,,,,
1845,noufs489,,,,
1846,G7988EQsalims,,,,
1847,amaraQ8813WD,,,,
1848,101odaya,,,,
1849,lobnag2017,,,,
1850,richardaZ1542HF,,,,
1851,684ciar_nc,,,,
1852,Flyer54556224699,"Oslo, Eastern Norway",,,
1853,isurindad,,,,
1854,gracelM2714IV,,,,
1855,shreyap208,,,,
1856,Curiosity52467496896,"Muscat, Muscat Governorate",,,
1857,mooon9888,Muscat Governorate,,,
1858,alilF6972TQ,,,,
1859,mohanneda803,,,,
1860,570ream,"Dubai, Emirate of Dubai",,,
1861,CountryHopper199216,"Agra, Agra District, Uttar Pradesh",,,
1862,balhashmi,"Muscat, Muscat Governorate",,,
1863,A8081PFgraceo,,,,
1864,C9303RWdonp,,,,
1865,Zaghou,"Cairo, Cairo Governorate",,,
1866,FITxxx,Riffa,,,
1867,kathyd87,"Gothenburg, Vastra Gotaland County, West Coast",,,
1868,harrasi,"Seeb, Muscat Governorate",,,
1869,Aloba3591,"Santarcangelo di Romagna, Province of Rimini, Emilia-Romagna",,,
1870,waqara576,,,,
1871,31akbari,"Salalah, Dhofar Governorate",,,
1872,asma2762,"Muscat, Muscat Governorate",,,
1873,F4889GKmuhammadk,,,,
1874,sajiseb,,,,
1875,mahdidarwich,,,,
1876,Ranjith-PNair,"Kochi (Cochin), Ernakulam District, Kerala",,,
1877,DemaGedeon,"Muscat, Muscat Governorate",,,
1878,Tomashy,"Naaldwijk, South Holland Province",,,
1879,sarahklsmn123,,,,
1880,897pennyr,"Sydney, New South Wales",,,
1881,nakawazu,"Amsterdam, North Holland Province",,,
1882,lpousinho,"Abu Dhabi, Emirate of Abu Dhabi",,,
1883,Sebneke,,,,
1884,karimkahale95,"Dubai, Emirate of Dubai",,,
1885,591sangitak,"Muscat, Muscat Governorate",,,
1886,dhineshkumar309,"Mayiladuthurai, Nagapattinam District, Tamil Nadu",,,
1887,sarahaijazk,,,,
1888,Siddhantalva,,,,
1889,L5082PAnan,"Muscat, Muscat Governorate",,,
1890,118yousufa,,,,
1891,shoppers2024,,,,
1892,172wahibb,"Muscat, Muscat Governorate",,,
1893,qamariyaa2021,,,,
1894,dannybW4SQ,"Dubai, Emirate of Dubai",,,
1895,yousefh853,,,,
1896,khakido,,,,
1897,941vandanat,,,,
1898,omr619,,,,
1899,mohamedeX4152VL,,,,
1900,G4974KHfrankh,,,,
1901,baz7903,"Hereford, Herefordshire, England",,,
1902,TheAviator0765,"Ripon, North Yorkshire, England",,,
1903,davedonk,"Phoenix, Arizona",,,
1904,badrana2024,,,,
1905,U4374DHomara,,,,
1906,RomiJorry,Doha,,,
1907,M4354AZclaires,"Dubai, Emirate of Dubai",,,
1908,marissarN360UI,,,,
1909,salimaU4468AO,,,,
1910,Voyage34991846199,,,,
1911,22danaha,,,,
1912,rotterdamerik,"Breda, North Brabant Province",,,
1913,Tran-Martin,"Dubai, Emirate of Dubai",,,
1914,Smafathah,,,,
1915,soumyanayak55,"Dubai, Emirate of Dubai",,,
1916,Mumbaiwala,"Salalah, Dhofar Governorate",,,
1917,tukker_uk,"Croydon, Greater London, England",,,
1918,mirzasaimam,"Dubai, Emirate of Dubai",,,
1919,eidm2022,,,,
1920,555bernardop,"London, England",,,
1921,Navigator16699539215,,,,
1922,alexjS7080XW,,,,
1923,gmecs,,,,
1924,millerabudhabi,"Abu Dhabi, Emirate of Abu Dhabi",,,
1925,Trail05966927631,Oman,,,
1926,882katej,"Brighton, East Sussex, England",,,
1927,Mobile232559,,,,
1928,NewinTirana,"Quito, Pichincha Province",,,
1929,Camper50642767662,"Dubai, Emirate of Dubai",,,
1930,meghankathleen94,"Calgary, Alberta",,,
1931,V9327QZdianac,,,,
1932,208bilala,,,,
1933,yeehawh,,,,
1934,70ava,Beijing,,,
1935,PeterMPF,"Salalah, Dhofar Governorate",,,
1936,101AFL,"London, England",,,
1937,Sunshine56581352888,,,,
1938,658abilashm,,,,
1939,443rashidr,,,,
1940,260sheenaf,,,,
1941,jimmB3775WH,Philippines,,,
1942,npratapvetgmailcom,"Bengaluru, Bangalore District, Karnataka",,,
1943,qasemahm,"Dubai, Emirate of Dubai",,,
1944,SimonWillgoss,"Dubai, Emirate of Dubai",,,
1945,warlordo8,,,,
1946,carom634,,,,
1947,Costanzaa1,"Abu Dhabi, Emirate of Abu Dhabi",,,
1948,JaykohbeeOz,"Sydney, New South Wales",,,
1949,261frankj,,,,
1950,Getaway50842788629,,,,
1951,SamahBinaon,,,,
1952,764st_phaned,Geneva,,,
1953,PaulleRoux,"Dubai, Emirate of Dubai",,,
1954,juliasF7551ML,Zurich,,,
1955,Adrian2016Traveller,"Abu Dhabi, Emirate of Abu Dhabi",,,
1956,arqabat,"Ras Al Khaimah, Emirate of Ras Al Khaimah",,,
1957,debraem2015,"Barrie, Ontario",,,
1958,David_S_5347,"Washington DC, District of Columbia",,,
1959,CorruptedSanity,"Abu Dhabi, Emirate of Abu Dhabi",,,
1960,ZiyaadParker7,"Dubai, Emirate of Dubai",,,
1961,vetsamehabuhanish,"Muscat, Muscat Governorate",,,
1962,Medhaw59,"Pune District, Maharashtra",,,
1963,LPowellAssa,"Abu Dhabi, Emirate of Abu Dhabi",,,
1964,trilliumjade,"Dubai, Emirate of Dubai",,,
1965,Ndansette,"Banbury, Oxfordshire, England",,,
1966,Krisstina_je,"Novi Sad, Vojvodina",,,
1967,972emrahg,"Nizwa, Ad-Dakhiliyah Governorate",,,
1968,qiaojiar,,,,
1969,Galaxygirl627,"Victoria, Victoria Capital Regional District, Vancouver Island, British Columbia",,,
1970,z1118k,Oman,,,
1971,mohammedaG8647YS,,,,
1972,MilaNishatova,"Moscow, Central Russia",,,
1973,969berkh,"Muscat, Muscat Governorate",,,
1974,exhostieAdelaide,South Australia,,,
1975,615umar,"Abu Dhabi, Emirate of Abu Dhabi",,,
1976,33suhaira,,,,
1977,monire723,Istanbul,,,
1978,123arabia,,,,
1979,Trip08049725266,Saudi Arabia,,,
1980,ameirs2020,,,,
1981,395hanneker,,,,
1982,annieg71,"Greater London, England",,,
1983,Kamehameha36,,,,
1984,sam1239872015,,,,
1985,A7942HZmikew,"Borough of Brentwood, Essex, England",,,
1986,342reems,,,,
1987,zippy99za,"Cape Town, Western Cape",,,
1988,O4850GDannal,,,,
1989,829ranjithu,,,,
1990,Barbs25,"Staffordshire, England",,,
1991,Tus123,,,,
1992,abdouz967,"Muscat, Muscat Governorate",,,
1993,958jessar,"Muscat, Muscat Governorate",,,
1994,Dragos68,"Bad Mergentheim, Baden-Württemberg",,,
1995,bryanisalsotan,Singapore,,,
1996,Marioviaggiatore,"Turin, Province of Turin, Piedmont",,,
1997,iamlastymom,"Nizwa, Ad-Dakhiliyah Governorate",,,
1998,lindabraghir0li,"Milan, Lombardy",,,
1999,ER1993,,,,
2000,travelling_coco,"Paris, Ile-de-France",,,
2001,osachs,"Aying, Upper Bavaria, Bavaria",,,
2002,silvanot773,,,,
2003,JG-Bayern,"Vaterstetten, Upper Bavaria, Bavaria",,,
2004,TineHem,,,,
2005,grajesh,"Yanbu, Al Madinah Province",,,
2006,mare_zg989,"Zagreb, Central Croatia",,,
2007,mrbQ8197SG,,,,
2008,Compass22122826420,,,,
2009,X8376FTlaurac,"Killarney, County Kerry",,,
2010,403aycac,Istanbul,,,
2011,junsmoosa,"Durban, KwaZulu-Natal",,,
2012,equilibrum,"London, England",,,
2013,n0uist,,,,
2014,Marcovsky999,"London, England",,,
2015,shuggleonlinez,,,,
2016,Sydga4,,,,
2017,MikeFo,"Brighton, East Sussex, England",,,
2018,Sunshine15262998666,"Phoenix, Arizona",,,
2019,sdoholis,"Phoenix, Arizona",,,
2020,Nettie2010,"Saint Charles, Missouri",,,
2021,dbeaty,"Fort Myers, Florida",,,
2022,flipcapaz,"Phoenix, Arizona",,,
2023,havefunaway,"Crescent Springs, Kentucky",,,
2024,764darwine,"Laureldale, Pennsylvania",,,
2025,63Vicki2015,"La Crescent, Minnesota",,,
2026,MinnesotaCabinGirl,"Elk River, Minnesota",,,
2027,barbarasC4463YN,"Sioux Falls, South Dakota",,,
2028,Chaseme2018,"Kingston, Ontario",,,
2029,mattfD7053EZ,,,,
2030,colleendT65RD,,,,
2031,gordonm272,"Montreal, Quebec",,,
2032,simonedZ4673AU,,,,
2033,Stgt_21,,,,
2034,441walea,,,,
2035,aleksandrabN3757WQ,,,,
2036,Y6301UHmariamk,,,,
2037,478qusaia,,,,
2038,R2241GVericam,,,,
2039,789nancyz,"Brunswick, Golden Isles of Georgia, Georgia",,,
2040,andreawQ1293TN,"Shalimar, Florida",,,
2041,Jennmmueller,"Appleton, Wisconsin",,,
2042,Compass691674,,,,
2043,liamb725,"Weymouth, Dorset, England",,,
2044,buscap_bbto,"Azaiba, Muscat Governorate",,,
2045,andrewhC9104EU,"Carlow, County Carlow",,,
2046,jameslF6598BA,"Chepstow, Monmouthshire, South Wales, Wales",,,
2047,SMunez1987,"Duqm, Al Wusta Governorate",,,
2048,eugaet76,,,,
2049,116jasonn,"Muscat, Muscat Governorate",,,
2050,ibrahimmostafa,"Duqm, Al Wusta Governorate",,,
2051,petermiddleton,"Muscat, Muscat Governorate",,,
2052,TheAltTRAVEL,United Arab Emirates,,,
2053,isaif77,"Muscat, Muscat Governorate",,,
2054,Arraqi99,,,,
2055,mustafaaR9365BG,,,,
2056,basilikbal57,"Salalah, Dhofar Governorate",,,
